iteration,reward_mean,length_mean,games,loss
500,-1.0,2.0,11,0.033454056829214096
1000,-1.0,2.0,10,0.013700260780751705
1500,-1.0,2.0,8,0.010601776652038097
